[{"model": "contenttypes.contenttype", "pk": 1, "fields": {"app_label": "admin", "model": "logentry"}}, {"model": "contenttypes.contenttype", "pk": 2, "fields": {"app_label": "auth", "model": "permission"}}, {"model": "contenttypes.contenttype", "pk": 3, "fields": {"app_label": "auth", "model": "group"}}, {"model": "contenttypes.contenttype", "pk": 4, "fields": {"app_label": "contenttypes", "model": "contenttype"}}, {"model": "contenttypes.contenttype", "pk": 5, "fields": {"app_label": "sessions", "model": "session"}}, {"model": "contenttypes.contenttype", "pk": 6, "fields": {"app_label": "users", "model": "user"}}, {"model": "contenttypes.contenttype", "pk": 7, "fields": {"app_label": "users", "model": "member"}}, {"model": "contenttypes.contenttype", "pk": 8, "fields": {"app_label": "chats", "model": "chat"}}, {"model": "contenttypes.contenttype", "pk": 9, "fields": {"app_label": "chats", "model": "message"}}, {"model": "contenttypes.contenttype", "pk": 10, "fields": {"app_label": "chats", "model": "attachment"}}, {"model": "sessions.session", "pk": "3sadwqrvq299t1z23htrfxj6jg4668iz", "fields": {"session_data": "YjEwYTFmZWE0ODM0Yzc5Yjc5MzJkODY2NDRmYzZmYWE0ZDUxZmVmOTp7Il9hdXRoX3VzZXJfaWQiOiIxIiwiX2F1dGhfdXNlcl9iYWNrZW5kIjoiZGphbmdvLmNvbnRyaWIuYXV0aC5iYWNrZW5kcy5Nb2RlbEJhY2tlbmQiLCJfYXV0aF91c2VyX2hhc2giOiI4NjgyZGMyZDhjMTJlYjgxOWE4ZDI5Y2NkZDM1NTIwMzZhMWIzY2Q4In0=", "expire_date": "2019-11-20T20:00:11.524Z"}}, {"model": "sessions.session", "pk": "5qsfcyrn8fxfvrpp3l2fw35lr6wwelnp", "fields": {"session_data": "YjEwYTFmZWE0ODM0Yzc5Yjc5MzJkODY2NDRmYzZmYWE0ZDUxZmVmOTp7Il9hdXRoX3VzZXJfaWQiOiIxIiwiX2F1dGhfdXNlcl9iYWNrZW5kIjoiZGphbmdvLmNvbnRyaWIuYXV0aC5iYWNrZW5kcy5Nb2RlbEJhY2tlbmQiLCJfYXV0aF91c2VyX2hhc2giOiI4NjgyZGMyZDhjMTJlYjgxOWE4ZDI5Y2NkZDM1NTIwMzZhMWIzY2Q4In0=", "expire_date": "2019-12-17T13:25:42.013Z"}}, {"model": "sessions.session", "pk": "cmlabc8b5py6xu7uf429fku8yivb27h1", "fields": {"session_data": "YjEwYTFmZWE0ODM0Yzc5Yjc5MzJkODY2NDRmYzZmYWE0ZDUxZmVmOTp7Il9hdXRoX3VzZXJfaWQiOiIxIiwiX2F1dGhfdXNlcl9iYWNrZW5kIjoiZGphbmdvLmNvbnRyaWIuYXV0aC5iYWNrZW5kcy5Nb2RlbEJhY2tlbmQiLCJfYXV0aF91c2VyX2hhc2giOiI4NjgyZGMyZDhjMTJlYjgxOWE4ZDI5Y2NkZDM1NTIwMzZhMWIzY2Q4In0=", "expire_date": "2020-03-03T08:39:35.972Z"}}, {"model": "sessions.session", "pk": "d23r9dm2po9vrhpouuvn8i8ies4jmbir", "fields": {"session_data": "YjEwYTFmZWE0ODM0Yzc5Yjc5MzJkODY2NDRmYzZmYWE0ZDUxZmVmOTp7Il9hdXRoX3VzZXJfaWQiOiIxIiwiX2F1dGhfdXNlcl9iYWNrZW5kIjoiZGphbmdvLmNvbnRyaWIuYXV0aC5iYWNrZW5kcy5Nb2RlbEJhY2tlbmQiLCJfYXV0aF91c2VyX2hhc2giOiI4NjgyZGMyZDhjMTJlYjgxOWE4ZDI5Y2NkZDM1NTIwMzZhMWIzY2Q4In0=", "expire_date": "2019-11-27T17:36:18.578Z"}}, {"model": "sessions.session", "pk": "jqc6sw9j61t2qskrrnqjgqw11rghauny", "fields": {"session_data": "YjEwYTFmZWE0ODM0Yzc5Yjc5MzJkODY2NDRmYzZmYWE0ZDUxZmVmOTp7Il9hdXRoX3VzZXJfaWQiOiIxIiwiX2F1dGhfdXNlcl9iYWNrZW5kIjoiZGphbmdvLmNvbnRyaWIuYXV0aC5iYWNrZW5kcy5Nb2RlbEJhY2tlbmQiLCJfYXV0aF91c2VyX2hhc2giOiI4NjgyZGMyZDhjMTJlYjgxOWE4ZDI5Y2NkZDM1NTIwMzZhMWIzY2Q4In0=", "expire_date": "2019-11-21T17:51:10.301Z"}}, {"model": "sessions.session", "pk": "lffl9tqff72uf86zk61p1gs5irznibug", "fields": {"session_data": "YjEwYTFmZWE0ODM0Yzc5Yjc5MzJkODY2NDRmYzZmYWE0ZDUxZmVmOTp7Il9hdXRoX3VzZXJfaWQiOiIxIiwiX2F1dGhfdXNlcl9iYWNrZW5kIjoiZGphbmdvLmNvbnRyaWIuYXV0aC5iYWNrZW5kcy5Nb2RlbEJhY2tlbmQiLCJfYXV0aF91c2VyX2hhc2giOiI4NjgyZGMyZDhjMTJlYjgxOWE4ZDI5Y2NkZDM1NTIwMzZhMWIzY2Q4In0=", "expire_date": "2019-12-12T16:56:07.968Z"}}, {"model": "chats.chat", "pk": 1, "fields": {"is_group_chat": false, "topic": "gnmik", "last_message": "gnmik"}}, {"model": "chats.chat", "pk": 2, "fields": {"is_group_chat": false, "topic": "\u0427\u0430\u0442 1", "last_message": "111"}}, {"model": "chats.chat", "pk": 3, "fields": {"is_group_chat": false, "topic": "\u0427\u0430\u0442 2", "last_message": "222"}}, {"model": "chats.chat", "pk": 15, "fields": {"is_group_chat": false, "topic": "qwerty", "last_message": null}}, {"model": "chats.chat", "pk": 16, "fields": {"is_group_chat": false, "topic": "qwerty", "last_message": null}}, {"model": "chats.chat", "pk": 20, "fields": {"is_group_chat": false, "topic": "boring", "last_message": null}}, {"model": "chats.chat", "pk": 21, "fields": {"is_group_chat": true, "topic": "Group Chat", "last_message": "gnmik"}}, {"model": "auth.permission", "pk": 1, "fields": {"name": "Can add log entry", "content_type": 1, "codename": "add_logentry"}}, {"model": "auth.permission", "pk": 2, "fields": {"name": "Can change log entry", "content_type": 1, "codename": "change_logentry"}}, {"model": "auth.permission", "pk": 3, "fields": {"name": "Can delete log entry", "content_type": 1, "codename": "delete_logentry"}}, {"model": "auth.permission", "pk": 4, "fields": {"name": "Can view log entry", "content_type": 1, "codename": "view_logentry"}}, {"model": "auth.permission", "pk": 5, "fields": {"name": "Can add permission", "content_type": 2, "codename": "add_permission"}}, {"model": "auth.permission", "pk": 6, "fields": {"name": "Can change permission", "content_type": 2, "codename": "change_permission"}}, {"model": "auth.permission", "pk": 7, "fields": {"name": "Can delete permission", "content_type": 2, "codename": "delete_permission"}}, {"model": "auth.permission", "pk": 8, "fields": {"name": "Can view permission", "content_type": 2, "codename": "view_permission"}}, {"model": "auth.permission", "pk": 9, "fields": {"name": "Can add group", "content_type": 3, "codename": "add_group"}}, {"model": "auth.permission", "pk": 10, "fields": {"name": "Can change group", "content_type": 3, "codename": "change_group"}}, {"model": "auth.permission", "pk": 11, "fields": {"name": "Can delete group", "content_type": 3, "codename": "delete_group"}}, {"model": "auth.permission", "pk": 12, "fields": {"name": "Can view group", "content_type": 3, "codename": "view_group"}}, {"model": "auth.permission", "pk": 13, "fields": {"name": "Can add content type", "content_type": 4, "codename": "add_contenttype"}}, {"model": "auth.permission", "pk": 14, "fields": {"name": "Can change content type", "content_type": 4, "codename": "change_contenttype"}}, {"model": "auth.permission", "pk": 15, "fields": {"name": "Can delete content type", "content_type": 4, "codename": "delete_contenttype"}}, {"model": "auth.permission", "pk": 16, "fields": {"name": "Can view content type", "content_type": 4, "codename": "view_contenttype"}}, {"model": "auth.permission", "pk": 17, "fields": {"name": "Can add session", "content_type": 5, "codename": "add_session"}}, {"model": "auth.permission", "pk": 18, "fields": {"name": "Can change session", "content_type": 5, "codename": "change_session"}}, {"model": "auth.permission", "pk": 19, "fields": {"name": "Can delete session", "content_type": 5, "codename": "delete_session"}}, {"model": "auth.permission", "pk": 20, "fields": {"name": "Can view session", "content_type": 5, "codename": "view_session"}}, {"model": "auth.permission", "pk": 21, "fields": {"name": "Can add user", "content_type": 6, "codename": "add_user"}}, {"model": "auth.permission", "pk": 22, "fields": {"name": "Can change user", "content_type": 6, "codename": "change_user"}}, {"model": "auth.permission", "pk": 23, "fields": {"name": "Can delete user", "content_type": 6, "codename": "delete_user"}}, {"model": "auth.permission", "pk": 24, "fields": {"name": "Can view user", "content_type": 6, "codename": "view_user"}}, {"model": "auth.permission", "pk": 25, "fields": {"name": "Can add \u0423\u0447\u0430\u0441\u0442\u043d\u0438\u043a \u0447\u0430\u0442\u0430", "content_type": 7, "codename": "add_member"}}, {"model": "auth.permission", "pk": 26, "fields": {"name": "Can change \u0423\u0447\u0430\u0441\u0442\u043d\u0438\u043a \u0447\u0430\u0442\u0430", "content_type": 7, "codename": "change_member"}}, {"model": "auth.permission", "pk": 27, "fields": {"name": "Can delete \u0423\u0447\u0430\u0441\u0442\u043d\u0438\u043a \u0447\u0430\u0442\u0430", "content_type": 7, "codename": "delete_member"}}, {"model": "auth.permission", "pk": 28, "fields": {"name": "Can view \u0423\u0447\u0430\u0441\u0442\u043d\u0438\u043a \u0447\u0430\u0442\u0430", "content_type": 7, "codename": "view_member"}}, {"model": "auth.permission", "pk": 29, "fields": {"name": "Can add \u0427\u0430\u0442", "content_type": 8, "codename": "add_chat"}}, {"model": "auth.permission", "pk": 30, "fields": {"name": "Can change \u0427\u0430\u0442", "content_type": 8, "codename": "change_chat"}}, {"model": "auth.permission", "pk": 31, "fields": {"name": "Can delete \u0427\u0430\u0442", "content_type": 8, "codename": "delete_chat"}}, {"model": "auth.permission", "pk": 32, "fields": {"name": "Can view \u0427\u0430\u0442", "content_type": 8, "codename": "view_chat"}}, {"model": "auth.permission", "pk": 33, "fields": {"name": "Can add \u0421\u043e\u043e\u0431\u0449\u0435\u043d\u0438\u0435", "content_type": 9, "codename": "add_message"}}, {"model": "auth.permission", "pk": 34, "fields": {"name": "Can change \u0421\u043e\u043e\u0431\u0449\u0435\u043d\u0438\u0435", "content_type": 9, "codename": "change_message"}}, {"model": "auth.permission", "pk": 35, "fields": {"name": "Can delete \u0421\u043e\u043e\u0431\u0449\u0435\u043d\u0438\u0435", "content_type": 9, "codename": "delete_message"}}, {"model": "auth.permission", "pk": 36, "fields": {"name": "Can view \u0421\u043e\u043e\u0431\u0449\u0435\u043d\u0438\u0435", "content_type": 9, "codename": "view_message"}}, {"model": "auth.permission", "pk": 37, "fields": {"name": "Can add \u0412\u043b\u043e\u0436\u0435\u043d\u0438\u0435", "content_type": 10, "codename": "add_attachment"}}, {"model": "auth.permission", "pk": 38, "fields": {"name": "Can change \u0412\u043b\u043e\u0436\u0435\u043d\u0438\u0435", "content_type": 10, "codename": "change_attachment"}}, {"model": "auth.permission", "pk": 39, "fields": {"name": "Can delete \u0412\u043b\u043e\u0436\u0435\u043d\u0438\u0435", "content_type": 10, "codename": "delete_attachment"}}, {"model": "auth.permission", "pk": 40, "fields": {"name": "Can view \u0412\u043b\u043e\u0436\u0435\u043d\u0438\u0435", "content_type": 10, "codename": "view_attachment"}}, {"model": "users.user", "pk": 1, "fields": {"password": "pbkdf2_sha256$150000$5lE4cCQr8pSD$UXRN3rSKu+hGqSY7TskiC/LNCr4al8Tn1dIrSe47cjs=", "last_login": "2020-02-18T08:39:35.945Z", "is_superuser": true, "username": "root", "first_name": "", "last_name": "", "email": "", "is_staff": true, "is_active": true, "date_joined": "2019-11-06T19:59:29.092Z", "avatar": "", "groups": [], "user_permissions": []}}, {"model": "users.user", "pk": 2, "fields": {"password": "qwerty", "last_login": null, "is_superuser": false, "username": "vaganov", "first_name": "vagan", "last_name": "vaganov", "email": "", "is_staff": false, "is_active": true, "date_joined": "2019-11-13T18:35:21Z", "avatar": "", "groups": [], "user_permissions": []}}, {"model": "users.member", "pk": 10, "fields": {"user": 1, "chat": 3, "new_messages": false, "last_read_message": 2}}, {"model": "users.member", "pk": 11, "fields": {"user": 1, "chat": 2, "new_messages": false, "last_read_message": 44}}, {"model": "users.member", "pk": 21, "fields": {"user": 2, "chat": 3, "new_messages": false, "last_read_message": 46}}, {"model": "users.member", "pk": 22, "fields": {"user": 2, "chat": 2, "new_messages": true, "last_read_message": 5}}, {"model": "users.member", "pk": 32, "fields": {"user": 1, "chat": 21, "new_messages": false, "last_read_message": 199}}, {"model": "users.member", "pk": 33, "fields": {"user": 2, "chat": 21, "new_messages": false, "last_read_message": 199}}, {"model": "chats.message", "pk": 1, "fields": {"chat": 1, "user": 2, "content": "rhrhej", "added_at": "2019-11-13T19:19:35.841Z"}}, {"model": "chats.message", "pk": 2, "fields": {"chat": 1, "user": 2, "content": "reytsyys", "added_at": "2019-11-13T19:20:08.264Z"}}, {"model": "chats.message", "pk": 3, "fields": {"chat": 2, "user": 1, "content": "\u0421\u043e\u043e\u0431\u0449\u0435\u043d\u0438\u0435 1", "added_at": "2019-11-13T19:29:49.660Z"}}, {"model": "chats.message", "pk": 4, "fields": {"chat": 2, "user": 1, "content": "\u0421\u043e\u043e\u0431\u0449\u0435\u043d\u0438\u0435 2", "added_at": "2019-11-13T19:29:59.106Z"}}, {"model": "chats.message", "pk": 5, "fields": {"chat": 3, "user": 2, "content": "\u0421\u043e\u043e\u0431\u0449\u0435\u043d\u0438\u0435 3", "added_at": "2019-11-14T11:03:21.347Z"}}, {"model": "chats.message", "pk": 6, "fields": {"chat": 2, "user": 2, "content": "\u0421\u043e\u043e\u0431\u0449\u0435\u043d\u0438\u0435 4", "added_at": "2019-11-14T11:07:30.801Z"}}, {"model": "chats.message", "pk": 43, "fields": {"chat": 3, "user": 2, "content": "qwertfdsxdbg", "added_at": "2019-11-26T21:19:54.670Z"}}, {"model": "chats.message", "pk": 44, "fields": {"chat": 2, "user": 1, "content": "qwertfwww", "added_at": "2019-11-28T16:58:09.421Z"}}, {"model": "chats.message", "pk": 45, "fields": {"chat": 3, "user": 2, "content": "1qwertfwww", "added_at": "2019-11-28T18:12:40.607Z"}}, {"model": "chats.message", "pk": 46, "fields": {"chat": 3, "user": 2, "content": "1qwertfwww23", "added_at": "2019-11-28T18:22:55.244Z"}}, {"model": "chats.message", "pk": 70, "fields": {"chat": 2, "user": 1, "content": "", "added_at": "2019-12-04T14:17:40.049Z"}}, {"model": "chats.message", "pk": 73, "fields": {"chat": 2, "user": 1, "content": "", "added_at": "2019-12-05T16:57:29.353Z"}}, {"model": "chats.message", "pk": 74, "fields": {"chat": 2, "user": 1, "content": "", "added_at": "2019-12-05T16:57:48.648Z"}}, {"model": "chats.message", "pk": 75, "fields": {"chat": 21, "user": 1, "content": "qweyuiKEK", "added_at": "2019-12-08T10:05:57.288Z"}}, {"model": "chats.message", "pk": 138, "fields": {"chat": 21, "user": 1, "content": "q", "added_at": "2019-12-08T23:19:55.987Z"}}, {"model": "chats.message", "pk": 139, "fields": {"chat": 21, "user": 1, "content": "l", "added_at": "2019-12-08T23:20:43.488Z"}}, {"model": "chats.message", "pk": 140, "fields": {"chat": 21, "user": 2, "content": "ghrrr", "added_at": "2019-12-08T23:51:01.185Z"}}, {"model": "chats.message", "pk": 141, "fields": {"chat": 21, "user": 1, "content": "qwerty", "added_at": "2019-12-08T23:51:11.164Z"}}, {"model": "chats.message", "pk": 142, "fields": {"chat": 21, "user": 1, "content": "qwer", "added_at": "2019-12-08T23:52:11.646Z"}}, {"model": "chats.message", "pk": 143, "fields": {"chat": 21, "user": 2, "content": "ffff", "added_at": "2019-12-08T23:52:16.679Z"}}, {"model": "chats.message", "pk": 144, "fields": {"chat": 21, "user": 1, "content": "s", "added_at": "2019-12-08T23:52:21.981Z"}}, {"model": "chats.message", "pk": 145, "fields": {"chat": 21, "user": 2, "content": "zzzzzz", "added_at": "2019-12-08T23:53:45.191Z"}}, {"model": "chats.message", "pk": 146, "fields": {"chat": 21, "user": 2, "content": "privet", "added_at": "2019-12-09T09:59:03.712Z"}}, {"model": "chats.message", "pk": 147, "fields": {"chat": 21, "user": 1, "content": "dddd", "added_at": "2019-12-09T09:59:08.566Z"}}, {"model": "chats.message", "pk": 148, "fields": {"chat": 21, "user": 2, "content": "dddd", "added_at": "2019-12-09T10:00:51.049Z"}}, {"model": "chats.message", "pk": 149, "fields": {"chat": 21, "user": 1, "content": "qqqqqqa", "added_at": "2019-12-09T10:01:00.523Z"}}, {"model": "chats.message", "pk": 150, "fields": {"chat": 21, "user": 2, "content": "aaaaaqqqq", "added_at": "2019-12-09T10:01:40.353Z"}}, {"model": "chats.message", "pk": 151, "fields": {"chat": 21, "user": 1, "content": "sss", "added_at": "2019-12-09T10:01:49.043Z"}}, {"model": "chats.message", "pk": 152, "fields": {"chat": 21, "user": 1, "content": "ddddd", "added_at": "2019-12-09T10:05:01.752Z"}}, {"model": "chats.message", "pk": 153, "fields": {"chat": 21, "user": 2, "content": "dddd", "added_at": "2019-12-09T10:06:18.068Z"}}, {"model": "chats.message", "pk": 154, "fields": {"chat": 21, "user": 1, "content": "ssss", "added_at": "2019-12-09T10:08:34.771Z"}}, {"model": "chats.message", "pk": 155, "fields": {"chat": 21, "user": 2, "content": "wwww", "added_at": "2019-12-09T10:08:50.839Z"}}, {"model": "chats.message", "pk": 156, "fields": {"chat": 21, "user": 2, "content": "qqqqq", "added_at": "2019-12-09T10:08:55.969Z"}}, {"model": "chats.message", "pk": 157, "fields": {"chat": 21, "user": 2, "content": "qqqqq", "added_at": "2019-12-09T10:08:56.855Z"}}, {"model": "chats.message", "pk": 158, "fields": {"chat": 21, "user": 2, "content": "qqqqq", "added_at": "2019-12-09T10:08:57.887Z"}}, {"model": "chats.message", "pk": 159, "fields": {"chat": 21, "user": 2, "content": "q", "added_at": "2019-12-09T10:09:23.712Z"}}, {"model": "chats.message", "pk": 160, "fields": {"chat": 21, "user": 1, "content": "aaaa", "added_at": "2019-12-09T10:09:30.056Z"}}, {"model": "chats.message", "pk": 161, "fields": {"chat": 21, "user": 2, "content": "dddd", "added_at": "2019-12-09T10:09:46.006Z"}}, {"model": "chats.message", "pk": 162, "fields": {"chat": 21, "user": 2, "content": "dddd", "added_at": "2019-12-09T10:10:10.324Z"}}, {"model": "chats.message", "pk": 163, "fields": {"chat": 21, "user": 1, "content": "dddd", "added_at": "2019-12-09T10:11:52.768Z"}}, {"model": "chats.message", "pk": 164, "fields": {"chat": 21, "user": 2, "content": "ddd", "added_at": "2019-12-09T10:12:06.378Z"}}, {"model": "chats.message", "pk": 165, "fields": {"chat": 21, "user": 1, "content": "ssssss", "added_at": "2019-12-09T10:34:08.191Z"}}, {"model": "chats.message", "pk": 166, "fields": {"chat": 21, "user": 1, "content": "n", "added_at": "2019-12-09T10:34:37.005Z"}}, {"model": "chats.message", "pk": 167, "fields": {"chat": 21, "user": 1, "content": "a", "added_at": "2019-12-09T10:37:30.504Z"}}, {"model": "chats.message", "pk": 168, "fields": {"chat": 21, "user": 1, "content": "sss", "added_at": "2019-12-09T16:20:57.968Z"}}, {"model": "chats.message", "pk": 169, "fields": {"chat": 21, "user": 1, "content": "ddddd", "added_at": "2019-12-09T16:25:32.392Z"}}, {"model": "chats.message", "pk": 170, "fields": {"chat": 21, "user": 1, "content": "jjjjjjjj", "added_at": "2019-12-09T16:26:42.118Z"}}, {"model": "chats.message", "pk": 171, "fields": {"chat": 21, "user": 1, "content": "mmmmm", "added_at": "2019-12-09T16:29:50.211Z"}}, {"model": "chats.message", "pk": 172, "fields": {"chat": 21, "user": 1, "content": "lll", "added_at": "2019-12-09T16:30:22.469Z"}}, {"model": "chats.message", "pk": 173, "fields": {"chat": 21, "user": 1, "content": "nnn", "added_at": "2019-12-09T16:31:31.988Z"}}, {"model": "chats.message", "pk": 174, "fields": {"chat": 21, "user": 1, "content": "qqqqaasss", "added_at": "2019-12-09T16:31:45.569Z"}}, {"model": "chats.message", "pk": 175, "fields": {"chat": 21, "user": 1, "content": "nn,,mm\\", "added_at": "2019-12-09T16:32:37.480Z"}}, {"model": "chats.message", "pk": 176, "fields": {"chat": 21, "user": 1, "content": "t", "added_at": "2019-12-09T16:32:42.374Z"}}, {"model": "chats.message", "pk": 177, "fields": {"chat": 21, "user": 1, "content": "aaaa", "added_at": "2019-12-09T16:36:33.187Z"}}, {"model": "chats.message", "pk": 178, "fields": {"chat": 21, "user": 1, "content": "a", "added_at": "2019-12-09T16:36:58.564Z"}}, {"model": "chats.message", "pk": 179, "fields": {"chat": 20, "user": 1, "content": "lip", "added_at": "2019-12-09T16:42:42.526Z"}}, {"model": "chats.message", "pk": 180, "fields": {"chat": 21, "user": 2, "content": "dasll", "added_at": "2019-12-09T16:43:04.317Z"}}, {"model": "chats.message", "pk": 181, "fields": {"chat": 3, "user": 1, "content": "lip2", "added_at": "2019-12-09T16:43:51.425Z"}}, {"model": "chats.message", "pk": 182, "fields": {"chat": 21, "user": 1, "content": "jjj", "added_at": "2019-12-10T18:23:52.549Z"}}, {"model": "chats.message", "pk": 183, "fields": {"chat": 21, "user": 1, "content": "yyyy", "added_at": "2019-12-10T18:28:55.541Z"}}, {"model": "chats.message", "pk": 184, "fields": {"chat": 21, "user": 1, "content": "hhh", "added_at": "2019-12-10T18:33:39.934Z"}}, {"model": "chats.message", "pk": 185, "fields": {"chat": 21, "user": 1, "content": "jjjj", "added_at": "2019-12-10T18:39:23.107Z"}}, {"model": "chats.message", "pk": 186, "fields": {"chat": 21, "user": 1, "content": "222", "added_at": "2019-12-10T18:41:48.828Z"}}, {"model": "chats.message", "pk": 187, "fields": {"chat": 21, "user": 1, "content": "222", "added_at": "2019-12-10T18:44:43.124Z"}}, {"model": "chats.message", "pk": 188, "fields": {"chat": 21, "user": 1, "content": "222", "added_at": "2019-12-10T18:54:40.336Z"}}, {"model": "chats.message", "pk": 189, "fields": {"chat": 21, "user": 1, "content": "ddd", "added_at": "2019-12-13T18:27:50.805Z"}}, {"model": "chats.message", "pk": 190, "fields": {"chat": 21, "user": 1, "content": "wwwwwwwwwwwwwwwwwwwwwwwwwwwwwwwwwwwwwwwwwwwwwwwwwwwwwwwwwwwwww", "added_at": "2019-12-13T18:29:46.897Z"}}, {"model": "chats.message", "pk": 191, "fields": {"chat": 21, "user": 2, "content": "werty", "added_at": "2019-12-13T18:30:07.758Z"}}, {"model": "chats.message", "pk": 192, "fields": {"chat": 21, "user": 1, "content": "root", "added_at": "2019-12-13T18:30:19.245Z"}}, {"model": "chats.message", "pk": 193, "fields": {"chat": 21, "user": 1, "content": "rrrrr", "added_at": "2019-12-16T16:08:59.244Z"}}, {"model": "chats.message", "pk": 194, "fields": {"chat": 21, "user": 2, "content": "werty", "added_at": "2019-12-16T16:16:16.604Z"}}, {"model": "chats.message", "pk": 195, "fields": {"chat": 21, "user": 1, "content": "qwerty", "added_at": "2019-12-16T16:16:27.634Z"}}, {"model": "chats.message", "pk": 196, "fields": {"chat": 21, "user": 2, "content": "privet", "added_at": "2019-12-18T12:59:17.420Z"}}, {"model": "chats.message", "pk": 197, "fields": {"chat": 21, "user": 1, "content": "zdarova", "added_at": "2019-12-18T12:59:27.484Z"}}, {"model": "chats.message", "pk": 198, "fields": {"chat": 21, "user": 2, "content": "rrrrrr", "added_at": "2020-01-20T12:46:53.577Z"}}, {"model": "chats.message", "pk": 199, "fields": {"chat": 21, "user": 1, "content": "e", "added_at": "2020-01-20T12:47:03.671Z"}}, {"model": "chats.attachment", "pk": 15, "fields": {"chat": 2, "user": 1, "message": 46, "type": "file", "name": "t.vaganov", "file": "media/\u0421\u043d\u0438\u043c\u043e\u043a_\u044d\u043a\u0440\u0430\u043d\u0430_2019-10-29_\u0432_12.27.45.png"}}, {"model": "chats.attachment", "pk": 16, "fields": {"chat": 2, "user": 1, "message": 70, "type": "application/pdf", "name": "lesson-5.pdf", "file": "media/2/773424c7c60c4371863fdeb6d969567d"}}, {"model": "chats.attachment", "pk": 19, "fields": {"chat": 2, "user": 1, "message": 73, "type": "image/png", "name": "xoydt-qmcbddrx1lkoqmpplyslg.png", "file": "media/2/5809612d0f89463bac39c2b52bcfd6f9"}}, {"model": "chats.attachment", "pk": 20, "fields": {"chat": 2, "user": 1, "message": 74, "type": "image/png", "name": "xoydt-qmcbddrx1lkoqmpplyslg.png", "file": "media/2/6f5d340acbed4e29a540f54b3afb04ba"}}, {"model": "admin.logentry", "pk": 1, "fields": {"action_time": "2019-11-13T18:35:46.111Z", "user": 1, "content_type": 6, "object_id": "2", "object_repr": "gomik", "action_flag": 1, "change_message": "[{\"added\": {}}]"}}, {"model": "admin.logentry", "pk": 2, "fields": {"action_time": "2019-11-13T19:19:02.413Z", "user": 1, "content_type": 8, "object_id": "1", "object_repr": "gomik", "action_flag": 1, "change_message": "[{\"added\": {}}]"}}, {"model": "admin.logentry", "pk": 3, "fields": {"action_time": "2019-11-13T19:19:35.844Z", "user": 1, "content_type": 9, "object_id": "1", "object_repr": "rhrhej", "action_flag": 1, "change_message": "[{\"added\": {}}]"}}, {"model": "admin.logentry", "pk": 4, "fields": {"action_time": "2019-11-13T19:20:08.265Z", "user": 1, "content_type": 9, "object_id": "2", "object_repr": "reytsyys", "action_flag": 1, "change_message": "[{\"added\": {}}]"}}, {"model": "admin.logentry", "pk": 5, "fields": {"action_time": "2019-11-13T19:28:05.932Z", "user": 1, "content_type": 8, "object_id": "2", "object_repr": "111", "action_flag": 1, "change_message": "[{\"added\": {}}]"}}, {"model": "admin.logentry", "pk": 6, "fields": {"action_time": "2019-11-13T19:28:15.065Z", "user": 1, "content_type": 8, "object_id": "3", "object_repr": "222", "action_flag": 1, "change_message": "[{\"added\": {}}]"}}, {"model": "admin.logentry", "pk": 7, "fields": {"action_time": "2019-11-13T19:29:49.661Z", "user": 1, "content_type": 9, "object_id": "3", "object_repr": "\u0421\u043e\u043e\u0431\u0449\u0435\u043d\u0438\u0435 1", "action_flag": 1, "change_message": "[{\"added\": {}}]"}}, {"model": "admin.logentry", "pk": 8, "fields": {"action_time": "2019-11-13T19:29:59.107Z", "user": 1, "content_type": 9, "object_id": "4", "object_repr": "\u0421\u043e\u043e\u0431\u0449\u0435\u043d\u0438\u0435 2", "action_flag": 1, "change_message": "[{\"added\": {}}]"}}, {"model": "admin.logentry", "pk": 9, "fields": {"action_time": "2019-11-13T19:33:31.799Z", "user": 1, "content_type": 7, "object_id": "10", "object_repr": "xxx", "action_flag": 1, "change_message": "[{\"added\": {}}]"}}, {"model": "admin.logentry", "pk": 10, "fields": {"action_time": "2019-11-13T19:34:35.418Z", "user": 1, "content_type": 7, "object_id": "10", "object_repr": "root", "action_flag": 2, "change_message": "[{\"changed\": {\"fields\": [\"chat\", \"last_read_message\"]}}]"}}, {"model": "admin.logentry", "pk": 11, "fields": {"action_time": "2019-11-13T19:34:51.688Z", "user": 1, "content_type": 7, "object_id": "10", "object_repr": "root", "action_flag": 2, "change_message": "[]"}}, {"model": "admin.logentry", "pk": 12, "fields": {"action_time": "2019-11-13T19:34:57.950Z", "user": 1, "content_type": 7, "object_id": "11", "object_repr": "root", "action_flag": 1, "change_message": "[{\"added\": {}}]"}}, {"model": "admin.logentry", "pk": 13, "fields": {"action_time": "2019-11-14T09:58:31.496Z", "user": 1, "content_type": 6, "object_id": "2", "object_repr": "gmwwmik", "action_flag": 2, "change_message": "[{\"changed\": {\"fields\": [\"username\"]}}]"}}, {"model": "admin.logentry", "pk": 14, "fields": {"action_time": "2019-11-14T09:59:07.265Z", "user": 1, "content_type": 8, "object_id": "1", "object_repr": "gnmik", "action_flag": 2, "change_message": "[{\"changed\": {\"fields\": [\"topic\", \"last_message\"]}}]"}}, {"model": "admin.logentry", "pk": 15, "fields": {"action_time": "2019-11-14T11:02:37.376Z", "user": 1, "content_type": 7, "object_id": "11", "object_repr": "root in \u0427\u0430\u0442 1", "action_flag": 2, "change_message": "[]"}}, {"model": "admin.logentry", "pk": 16, "fields": {"action_time": "2019-11-14T11:03:21.348Z", "user": 1, "content_type": 9, "object_id": "5", "object_repr": "\u0421\u043e\u043e\u0431\u0449\u0435\u043d\u0438\u0435 3", "action_flag": 1, "change_message": "[{\"added\": {}}]"}}, {"model": "admin.logentry", "pk": 17, "fields": {"action_time": "2019-11-14T11:03:33.050Z", "user": 1, "content_type": 8, "object_id": "3", "object_repr": "\u0427\u0430\u0442 2", "action_flag": 2, "change_message": "[]"}}, {"model": "admin.logentry", "pk": 18, "fields": {"action_time": "2019-11-14T11:03:45.230Z", "user": 1, "content_type": 9, "object_id": "5", "object_repr": "\u0421\u043e\u043e\u0431\u0449\u0435\u043d\u0438\u0435 3", "action_flag": 2, "change_message": "[]"}}, {"model": "admin.logentry", "pk": 19, "fields": {"action_time": "2019-11-14T11:04:00.180Z", "user": 1, "content_type": 7, "object_id": "11", "object_repr": "root in \u0427\u0430\u0442 1", "action_flag": 2, "change_message": "[{\"changed\": {\"fields\": [\"last_read_message\"]}}]"}}, {"model": "admin.logentry", "pk": 20, "fields": {"action_time": "2019-11-14T11:07:30.803Z", "user": 1, "content_type": 9, "object_id": "6", "object_repr": "\u0421\u043e\u043e\u0431\u0449\u0435\u043d\u0438\u0435 4", "action_flag": 1, "change_message": "[{\"added\": {}}]"}}, {"model": "admin.logentry", "pk": 21, "fields": {"action_time": "2019-11-14T11:09:08.032Z", "user": 1, "content_type": 7, "object_id": "11", "object_repr": "root in \u0427\u0430\u0442 1", "action_flag": 2, "change_message": "[{\"changed\": {\"fields\": [\"last_read_message\"]}}]"}}, {"model": "admin.logentry", "pk": 22, "fields": {"action_time": "2019-11-14T11:11:11.028Z", "user": 1, "content_type": 7, "object_id": "10", "object_repr": "root in \u0427\u0430\u0442 2", "action_flag": 2, "change_message": "[{\"changed\": {\"fields\": [\"last_read_message\"]}}]"}}, {"model": "admin.logentry", "pk": 23, "fields": {"action_time": "2019-11-14T14:33:38.009Z", "user": 1, "content_type": 7, "object_id": "11", "object_repr": "root in \u0427\u0430\u0442 1", "action_flag": 2, "change_message": "[{\"changed\": {\"fields\": [\"new_messages\"]}}]"}}, {"model": "admin.logentry", "pk": 24, "fields": {"action_time": "2019-11-14T14:33:45.845Z", "user": 1, "content_type": 7, "object_id": "11", "object_repr": "root in \u0427\u0430\u0442 1", "action_flag": 2, "change_message": "[]"}}, {"model": "admin.logentry", "pk": 25, "fields": {"action_time": "2019-11-14T14:34:00.356Z", "user": 1, "content_type": 7, "object_id": "10", "object_repr": "root in \u0427\u0430\u0442 2", "action_flag": 2, "change_message": "[{\"changed\": {\"fields\": [\"last_read_message\"]}}]"}}, {"model": "admin.logentry", "pk": 26, "fields": {"action_time": "2019-11-14T14:34:08.659Z", "user": 1, "content_type": 7, "object_id": "10", "object_repr": "root in \u0427\u0430\u0442 2", "action_flag": 2, "change_message": "[]"}}, {"model": "admin.logentry", "pk": 27, "fields": {"action_time": "2019-11-14T15:10:33.044Z", "user": 1, "content_type": 8, "object_id": "7", "object_repr": "", "action_flag": 3, "change_message": ""}}, {"model": "admin.logentry", "pk": 28, "fields": {"action_time": "2019-11-14T15:10:33.048Z", "user": 1, "content_type": 8, "object_id": "6", "object_repr": "", "action_flag": 3, "change_message": ""}}, {"model": "admin.logentry", "pk": 29, "fields": {"action_time": "2019-11-14T15:10:33.050Z", "user": 1, "content_type": 8, "object_id": "5", "object_repr": "", "action_flag": 3, "change_message": ""}}, {"model": "admin.logentry", "pk": 30, "fields": {"action_time": "2019-11-14T15:10:33.051Z", "user": 1, "content_type": 8, "object_id": "4", "object_repr": "", "action_flag": 3, "change_message": ""}}, {"model": "admin.logentry", "pk": 31, "fields": {"action_time": "2019-11-14T15:14:17.883Z", "user": 1, "content_type": 8, "object_id": "8", "object_repr": "", "action_flag": 3, "change_message": ""}}, {"model": "admin.logentry", "pk": 32, "fields": {"action_time": "2019-11-14T15:16:00.919Z", "user": 1, "content_type": 8, "object_id": "9", "object_repr": "\"ertt\"", "action_flag": 3, "change_message": ""}}, {"model": "admin.logentry", "pk": 33, "fields": {"action_time": "2019-11-14T17:53:57.253Z", "user": 1, "content_type": 6, "object_id": "2", "object_repr": "gmwwmikr", "action_flag": 2, "change_message": "[{\"changed\": {\"fields\": [\"username\"]}}]"}}, {"model": "admin.logentry", "pk": 34, "fields": {"action_time": "2019-11-14T17:57:57.914Z", "user": 1, "content_type": 8, "object_id": "11", "object_repr": "3", "action_flag": 3, "change_message": ""}}, {"model": "admin.logentry", "pk": 35, "fields": {"action_time": "2019-11-14T17:57:57.918Z", "user": 1, "content_type": 8, "object_id": "10", "object_repr": "3", "action_flag": 3, "change_message": ""}}, {"model": "admin.logentry", "pk": 36, "fields": {"action_time": "2019-11-16T10:24:14.566Z", "user": 1, "content_type": 7, "object_id": "21", "object_repr": "gmwwmikr in \u0427\u0430\u0442 2", "action_flag": 1, "change_message": "[{\"added\": {}}]"}}, {"model": "admin.logentry", "pk": 37, "fields": {"action_time": "2019-11-16T10:27:42.427Z", "user": 1, "content_type": 7, "object_id": "22", "object_repr": "gmwwmikr in \u0427\u0430\u0442 1", "action_flag": 1, "change_message": "[{\"added\": {}}]"}}, {"model": "admin.logentry", "pk": 38, "fields": {"action_time": "2019-11-16T12:11:08.076Z", "user": 1, "content_type": 9, "object_id": "8", "object_repr": "werty", "action_flag": 3, "change_message": ""}}, {"model": "admin.logentry", "pk": 39, "fields": {"action_time": "2019-11-16T12:11:08.081Z", "user": 1, "content_type": 9, "object_id": "7", "object_repr": "werty", "action_flag": 3, "change_message": ""}}, {"model": "admin.logentry", "pk": 40, "fields": {"action_time": "2019-11-16T12:33:56.994Z", "user": 1, "content_type": 9, "object_id": "12", "object_repr": "werty", "action_flag": 3, "change_message": ""}}, {"model": "admin.logentry", "pk": 41, "fields": {"action_time": "2019-11-16T12:33:56.999Z", "user": 1, "content_type": 9, "object_id": "11", "object_repr": "werty", "action_flag": 3, "change_message": ""}}, {"model": "admin.logentry", "pk": 42, "fields": {"action_time": "2019-11-16T12:33:57.001Z", "user": 1, "content_type": 9, "object_id": "10", "object_repr": "werty", "action_flag": 3, "change_message": ""}}, {"model": "admin.logentry", "pk": 43, "fields": {"action_time": "2019-11-16T12:33:57.002Z", "user": 1, "content_type": 9, "object_id": "9", "object_repr": "werty", "action_flag": 3, "change_message": ""}}, {"model": "admin.logentry", "pk": 44, "fields": {"action_time": "2019-11-16T12:34:11.102Z", "user": 1, "content_type": 9, "object_id": "13", "object_repr": "werty", "action_flag": 3, "change_message": ""}}, {"model": "admin.logentry", "pk": 45, "fields": {"action_time": "2019-11-16T13:36:02.561Z", "user": 1, "content_type": 9, "object_id": "23", "object_repr": "werty", "action_flag": 3, "change_message": ""}}, {"model": "admin.logentry", "pk": 46, "fields": {"action_time": "2019-11-16T13:36:02.566Z", "user": 1, "content_type": 9, "object_id": "22", "object_repr": "werty", "action_flag": 3, "change_message": ""}}, {"model": "admin.logentry", "pk": 47, "fields": {"action_time": "2019-11-16T13:36:02.568Z", "user": 1, "content_type": 9, "object_id": "21", "object_repr": "werty", "action_flag": 3, "change_message": ""}}, {"model": "admin.logentry", "pk": 48, "fields": {"action_time": "2019-11-16T13:36:02.569Z", "user": 1, "content_type": 9, "object_id": "20", "object_repr": "werty", "action_flag": 3, "change_message": ""}}, {"model": "admin.logentry", "pk": 49, "fields": {"action_time": "2019-11-16T13:36:02.571Z", "user": 1, "content_type": 9, "object_id": "19", "object_repr": "werty", "action_flag": 3, "change_message": ""}}, {"model": "admin.logentry", "pk": 50, "fields": {"action_time": "2019-11-16T13:36:02.572Z", "user": 1, "content_type": 9, "object_id": "18", "object_repr": "werty", "action_flag": 3, "change_message": ""}}, {"model": "admin.logentry", "pk": 51, "fields": {"action_time": "2019-11-16T13:36:02.574Z", "user": 1, "content_type": 9, "object_id": "17", "object_repr": "werty", "action_flag": 3, "change_message": ""}}, {"model": "admin.logentry", "pk": 52, "fields": {"action_time": "2019-11-16T13:36:02.575Z", "user": 1, "content_type": 9, "object_id": "16", "object_repr": "werty", "action_flag": 3, "change_message": ""}}, {"model": "admin.logentry", "pk": 53, "fields": {"action_time": "2019-11-16T13:36:02.576Z", "user": 1, "content_type": 9, "object_id": "15", "object_repr": "werty", "action_flag": 3, "change_message": ""}}, {"model": "admin.logentry", "pk": 54, "fields": {"action_time": "2019-11-16T13:36:02.577Z", "user": 1, "content_type": 9, "object_id": "14", "object_repr": "werty", "action_flag": 3, "change_message": ""}}, {"model": "admin.logentry", "pk": 55, "fields": {"action_time": "2019-11-16T13:39:38.969Z", "user": 1, "content_type": 7, "object_id": "11", "object_repr": "root in \u0427\u0430\u0442 1", "action_flag": 2, "change_message": "[{\"changed\": {\"fields\": [\"last_read_message\"]}}]"}}, {"model": "admin.logentry", "pk": 56, "fields": {"action_time": "2019-11-16T13:39:50.510Z", "user": 1, "content_type": 9, "object_id": "28", "object_repr": "ui", "action_flag": 3, "change_message": ""}}, {"model": "admin.logentry", "pk": 57, "fields": {"action_time": "2019-11-16T13:39:50.514Z", "user": 1, "content_type": 9, "object_id": "27", "object_repr": "werty", "action_flag": 3, "change_message": ""}}, {"model": "admin.logentry", "pk": 58, "fields": {"action_time": "2019-11-16T13:39:50.516Z", "user": 1, "content_type": 9, "object_id": "26", "object_repr": "werty", "action_flag": 3, "change_message": ""}}, {"model": "admin.logentry", "pk": 59, "fields": {"action_time": "2019-11-16T13:39:50.517Z", "user": 1, "content_type": 9, "object_id": "25", "object_repr": "werty", "action_flag": 3, "change_message": ""}}, {"model": "admin.logentry", "pk": 60, "fields": {"action_time": "2019-11-16T13:39:50.518Z", "user": 1, "content_type": 9, "object_id": "24", "object_repr": "werty", "action_flag": 3, "change_message": ""}}, {"model": "admin.logentry", "pk": 61, "fields": {"action_time": "2019-11-16T20:09:06.863Z", "user": 1, "content_type": 7, "object_id": "23", "object_repr": "gmwwmikr in gnmik", "action_flag": 1, "change_message": "[{\"added\": {}}]"}}, {"model": "admin.logentry", "pk": 62, "fields": {"action_time": "2019-11-17T12:27:26.433Z", "user": 1, "content_type": 7, "object_id": "22", "object_repr": "gmwwmikr in \u0427\u0430\u0442 1", "action_flag": 2, "change_message": "[{\"changed\": {\"fields\": [\"last_read_message\"]}}]"}}, {"model": "admin.logentry", "pk": 63, "fields": {"action_time": "2019-11-17T12:27:39.018Z", "user": 1, "content_type": 9, "object_id": "29", "object_repr": "3ur", "action_flag": 3, "change_message": ""}}, {"model": "admin.logentry", "pk": 64, "fields": {"action_time": "2019-11-20T19:17:57.023Z", "user": 1, "content_type": 7, "object_id": "11", "object_repr": "root in \u0427\u0430\u0442 1", "action_flag": 2, "change_message": "[{\"changed\": {\"fields\": [\"last_read_message\"]}}]"}}, {"model": "admin.logentry", "pk": 65, "fields": {"action_time": "2019-11-20T19:18:14.624Z", "user": 1, "content_type": 9, "object_id": "32", "object_repr": "werty", "action_flag": 3, "change_message": ""}}, {"model": "admin.logentry", "pk": 66, "fields": {"action_time": "2019-11-20T19:18:14.627Z", "user": 1, "content_type": 9, "object_id": "31", "object_repr": "werty", "action_flag": 3, "change_message": ""}}, {"model": "admin.logentry", "pk": 67, "fields": {"action_time": "2019-11-20T19:18:14.630Z", "user": 1, "content_type": 9, "object_id": "30", "object_repr": "werty", "action_flag": 3, "change_message": ""}}, {"model": "admin.logentry", "pk": 68, "fields": {"action_time": "2019-11-21T09:44:39.865Z", "user": 1, "content_type": 8, "object_id": "13", "object_repr": "qwerty", "action_flag": 3, "change_message": ""}}, {"model": "admin.logentry", "pk": 69, "fields": {"action_time": "2019-11-21T09:45:11.605Z", "user": 1, "content_type": 7, "object_id": "20", "object_repr": "root in eeee", "action_flag": 3, "change_message": ""}}, {"model": "admin.logentry", "pk": 70, "fields": {"action_time": "2019-11-21T09:45:22.646Z", "user": 1, "content_type": 8, "object_id": "12", "object_repr": "eeee", "action_flag": 3, "change_message": ""}}, {"model": "admin.logentry", "pk": 71, "fields": {"action_time": "2019-11-21T09:46:05.300Z", "user": 1, "content_type": 7, "object_id": "11", "object_repr": "root in \u0427\u0430\u0442 1", "action_flag": 2, "change_message": "[{\"changed\": {\"fields\": [\"last_read_message\"]}}]"}}, {"model": "admin.logentry", "pk": 72, "fields": {"action_time": "2019-11-21T09:46:18.434Z", "user": 1, "content_type": 9, "object_id": "33", "object_repr": "werty", "action_flag": 3, "change_message": ""}}, {"model": "admin.logentry", "pk": 73, "fields": {"action_time": "2019-11-21T09:54:52.852Z", "user": 1, "content_type": 7, "object_id": "25", "object_repr": "gmwwmikr in 333", "action_flag": 3, "change_message": ""}}, {"model": "admin.logentry", "pk": 74, "fields": {"action_time": "2019-11-21T09:54:59.709Z", "user": 1, "content_type": 8, "object_id": "14", "object_repr": "333", "action_flag": 3, "change_message": ""}}, {"model": "admin.logentry", "pk": 75, "fields": {"action_time": "2019-11-21T12:39:03.237Z", "user": 1, "content_type": 7, "object_id": "11", "object_repr": "root in \u0427\u0430\u0442 1", "action_flag": 2, "change_message": "[{\"changed\": {\"fields\": [\"last_read_message\"]}}]"}}, {"model": "admin.logentry", "pk": 76, "fields": {"action_time": "2019-11-21T12:46:49.338Z", "user": 1, "content_type": 7, "object_id": "11", "object_repr": "root in \u0427\u0430\u0442 1", "action_flag": 2, "change_message": "[{\"changed\": {\"fields\": [\"last_read_message\"]}}]"}}, {"model": "admin.logentry", "pk": 77, "fields": {"action_time": "2019-11-21T12:46:53.550Z", "user": 1, "content_type": 7, "object_id": "11", "object_repr": "root in \u0427\u0430\u0442 1", "action_flag": 2, "change_message": "[{\"changed\": {\"fields\": [\"new_messages\"]}}]"}}, {"model": "admin.logentry", "pk": 78, "fields": {"action_time": "2019-11-21T12:56:23.634Z", "user": 1, "content_type": 7, "object_id": "11", "object_repr": "root in \u0427\u0430\u0442 1", "action_flag": 2, "change_message": "[{\"changed\": {\"fields\": [\"last_read_message\"]}}]"}}, {"model": "admin.logentry", "pk": 79, "fields": {"action_time": "2019-11-21T12:56:49.072Z", "user": 1, "content_type": 7, "object_id": "22", "object_repr": "gmwwmikr in \u0427\u0430\u0442 1", "action_flag": 2, "change_message": "[{\"changed\": {\"fields\": [\"last_read_message\"]}}]"}}, {"model": "admin.logentry", "pk": 80, "fields": {"action_time": "2019-11-21T12:57:11.967Z", "user": 1, "content_type": 9, "object_id": "41", "object_repr": "wwwwwwwwwwwwwwwwwwwwwwwwwwwwwwwwwwwwwwwwwwwwwwwwwwwwwwwwwwwwwwwwwwwwwwwwwwwwwwwwwwwwwwwwwwwwwwwwwwwwwwwwwwwwwwwwwwwwwwwwwwwwwwwwwwwwwwwwwwwwwwwwwwwwwwwwwwwwwwwwwwwwwwwwwwwwwwwwwwwwwwwwwwwwwwwwwwwwwwww", "action_flag": 3, "change_message": ""}}, {"model": "admin.logentry", "pk": 81, "fields": {"action_time": "2019-11-21T12:57:11.970Z", "user": 1, "content_type": 9, "object_id": "40", "object_repr": "wwwwwwwwwwwwwwwwwwwwwwwwwwwwwwwwwwwwwwwwwwwwwwwwwwwwwwwwwwwwwwwwwwwwwwwwwwwwwwwwwwwwwwwwwwwwwwwwwwwwwwwwwwwwwwwwwwwwwwwwwwwwwwwwwwwwwwwwwwwwwwwwwwwwwwwwwwwwwwwwwwwwwwwwwwwwwwwwwwwwwwwwwwwwwwwwwwwwwwww", "action_flag": 3, "change_message": ""}}, {"model": "admin.logentry", "pk": 82, "fields": {"action_time": "2019-11-21T12:57:11.972Z", "user": 1, "content_type": 9, "object_id": "39", "object_repr": "fuck", "action_flag": 3, "change_message": ""}}, {"model": "admin.logentry", "pk": 83, "fields": {"action_time": "2019-11-21T12:57:11.974Z", "user": 1, "content_type": 9, "object_id": "38", "object_repr": "fuck", "action_flag": 3, "change_message": ""}}, {"model": "admin.logentry", "pk": 84, "fields": {"action_time": "2019-11-21T12:57:11.975Z", "user": 1, "content_type": 9, "object_id": "37", "object_repr": "qwertt", "action_flag": 3, "change_message": ""}}, {"model": "admin.logentry", "pk": 85, "fields": {"action_time": "2019-11-21T12:57:11.976Z", "user": 1, "content_type": 9, "object_id": "36", "object_repr": "qwertt", "action_flag": 3, "change_message": ""}}, {"model": "admin.logentry", "pk": 86, "fields": {"action_time": "2019-11-21T12:57:11.978Z", "user": 1, "content_type": 9, "object_id": "35", "object_repr": "qwertt", "action_flag": 3, "change_message": ""}}, {"model": "admin.logentry", "pk": 87, "fields": {"action_time": "2019-11-21T12:57:11.979Z", "user": 1, "content_type": 9, "object_id": "34", "object_repr": "qwertt", "action_flag": 3, "change_message": ""}}, {"model": "admin.logentry", "pk": 88, "fields": {"action_time": "2019-11-26T17:51:54.948Z", "user": 1, "content_type": 8, "object_id": "19", "object_repr": "boring", "action_flag": 3, "change_message": ""}}, {"model": "admin.logentry", "pk": 89, "fields": {"action_time": "2019-11-26T17:51:54.958Z", "user": 1, "content_type": 8, "object_id": "18", "object_repr": "qwerty", "action_flag": 3, "change_message": ""}}, {"model": "admin.logentry", "pk": 90, "fields": {"action_time": "2019-11-26T17:51:54.959Z", "user": 1, "content_type": 8, "object_id": "17", "object_repr": "qwerty", "action_flag": 3, "change_message": ""}}, {"model": "admin.logentry", "pk": 91, "fields": {"action_time": "2019-11-26T21:19:34.088Z", "user": 1, "content_type": 7, "object_id": "10", "object_repr": "root in \u0427\u0430\u0442 2", "action_flag": 2, "change_message": "[{\"changed\": {\"fields\": [\"last_read_message\"]}}]"}}, {"model": "admin.logentry", "pk": 92, "fields": {"action_time": "2019-11-26T21:19:43.679Z", "user": 1, "content_type": 9, "object_id": "42", "object_repr": "qwertfdsxdbg", "action_flag": 3, "change_message": ""}}, {"model": "admin.logentry", "pk": 93, "fields": {"action_time": "2019-11-28T17:03:47.261Z", "user": 1, "content_type": 7, "object_id": "10", "object_repr": "root in \u0427\u0430\u0442 2", "action_flag": 2, "change_message": "[{\"changed\": {\"fields\": [\"last_read_message\"]}}]"}}, {"model": "admin.logentry", "pk": 94, "fields": {"action_time": "2019-11-28T17:06:47.539Z", "user": 1, "content_type": 7, "object_id": "11", "object_repr": "root in \u0427\u0430\u0442 1", "action_flag": 2, "change_message": "[{\"changed\": {\"fields\": [\"last_read_message\"]}}]"}}, {"model": "admin.logentry", "pk": 95, "fields": {"action_time": "2019-11-28T17:07:21.541Z", "user": 1, "content_type": 7, "object_id": "31", "object_repr": "root in boring", "action_flag": 3, "change_message": ""}}, {"model": "admin.logentry", "pk": 96, "fields": {"action_time": "2019-11-28T17:07:21.546Z", "user": 1, "content_type": 7, "object_id": "26", "object_repr": "root in qwerty", "action_flag": 3, "change_message": ""}}, {"model": "admin.logentry", "pk": 97, "fields": {"action_time": "2019-11-28T17:07:21.547Z", "user": 1, "content_type": 7, "object_id": "23", "object_repr": "gmwwmikr in gnmik", "action_flag": 3, "change_message": ""}}, {"model": "admin.logentry", "pk": 98, "fields": {"action_time": "2019-11-28T17:08:05.411Z", "user": 1, "content_type": 7, "object_id": "11", "object_repr": "root in \u0427\u0430\u0442 1", "action_flag": 2, "change_message": "[{\"changed\": {\"fields\": [\"new_messages\", \"last_read_message\"]}}]"}}, {"model": "admin.logentry", "pk": 99, "fields": {"action_time": "2019-11-28T17:12:57.203Z", "user": 1, "content_type": 7, "object_id": "11", "object_repr": "root in \u0427\u0430\u0442 1", "action_flag": 2, "change_message": "[{\"changed\": {\"fields\": [\"last_read_message\"]}}]"}}, {"model": "admin.logentry", "pk": 100, "fields": {"action_time": "2019-11-28T17:13:00.487Z", "user": 1, "content_type": 7, "object_id": "11", "object_repr": "root in \u0427\u0430\u0442 1", "action_flag": 2, "change_message": "[{\"changed\": {\"fields\": [\"new_messages\"]}}]"}}, {"model": "admin.logentry", "pk": 101, "fields": {"action_time": "2019-11-28T17:13:31.409Z", "user": 1, "content_type": 9, "object_id": "43", "object_repr": "qwertfdsxdbg", "action_flag": 2, "change_message": "[{\"changed\": {\"fields\": [\"user\"]}}]"}}, {"model": "admin.logentry", "pk": 102, "fields": {"action_time": "2019-11-28T17:13:40.399Z", "user": 1, "content_type": 7, "object_id": "21", "object_repr": "gmwwmikr in \u0427\u0430\u0442 2", "action_flag": 2, "change_message": "[{\"changed\": {\"fields\": [\"last_read_message\"]}}]"}}, {"model": "admin.logentry", "pk": 103, "fields": {"action_time": "2019-12-03T13:27:10.778Z", "user": 1, "content_type": 10, "object_id": "1", "object_repr": "https://icon-library.net/images/voice-message-icon/voice-message-icon-8.jpg", "action_flag": 1, "change_message": "[{\"added\": {}}]"}}, {"model": "admin.logentry", "pk": 104, "fields": {"action_time": "2019-12-03T18:13:40.119Z", "user": 1, "content_type": 10, "object_id": "1", "object_repr": "qwee", "action_flag": 3, "change_message": ""}}, {"model": "admin.logentry", "pk": 105, "fields": {"action_time": "2019-12-03T19:08:55.194Z", "user": 1, "content_type": 9, "object_id": "48", "object_repr": "", "action_flag": 3, "change_message": ""}}, {"model": "admin.logentry", "pk": 106, "fields": {"action_time": "2019-12-03T19:08:55.198Z", "user": 1, "content_type": 9, "object_id": "47", "object_repr": "", "action_flag": 3, "change_message": ""}}, {"model": "admin.logentry", "pk": 107, "fields": {"action_time": "2019-12-04T10:40:54.147Z", "user": 1, "content_type": 10, "object_id": "14", "object_repr": "lesson-5.pdf", "action_flag": 3, "change_message": ""}}, {"model": "admin.logentry", "pk": 108, "fields": {"action_time": "2019-12-04T10:40:54.160Z", "user": 1, "content_type": 10, "object_id": "13", "object_repr": "lesson-5.pdf", "action_flag": 3, "change_message": ""}}, {"model": "admin.logentry", "pk": 109, "fields": {"action_time": "2019-12-04T10:40:54.162Z", "user": 1, "content_type": 10, "object_id": "12", "object_repr": "lesson-5.pdf", "action_flag": 3, "change_message": ""}}, {"model": "admin.logentry", "pk": 110, "fields": {"action_time": "2019-12-04T10:40:54.163Z", "user": 1, "content_type": 10, "object_id": "11", "object_repr": "", "action_flag": 3, "change_message": ""}}, {"model": "admin.logentry", "pk": 111, "fields": {"action_time": "2019-12-04T10:40:54.164Z", "user": 1, "content_type": 10, "object_id": "10", "object_repr": "", "action_flag": 3, "change_message": ""}}, {"model": "admin.logentry", "pk": 112, "fields": {"action_time": "2019-12-04T10:40:54.166Z", "user": 1, "content_type": 10, "object_id": "9", "object_repr": "", "action_flag": 3, "change_message": ""}}, {"model": "admin.logentry", "pk": 113, "fields": {"action_time": "2019-12-04T10:40:54.167Z", "user": 1, "content_type": 10, "object_id": "8", "object_repr": "", "action_flag": 3, "change_message": ""}}, {"model": "admin.logentry", "pk": 114, "fields": {"action_time": "2019-12-04T10:41:21.374Z", "user": 1, "content_type": 9, "object_id": "69", "object_repr": "", "action_flag": 3, "change_message": ""}}, {"model": "admin.logentry", "pk": 115, "fields": {"action_time": "2019-12-04T10:41:21.376Z", "user": 1, "content_type": 9, "object_id": "68", "object_repr": "", "action_flag": 3, "change_message": ""}}, {"model": "admin.logentry", "pk": 116, "fields": {"action_time": "2019-12-04T10:41:21.378Z", "user": 1, "content_type": 9, "object_id": "67", "object_repr": "", "action_flag": 3, "change_message": ""}}, {"model": "admin.logentry", "pk": 117, "fields": {"action_time": "2019-12-04T10:41:21.379Z", "user": 1, "content_type": 9, "object_id": "66", "object_repr": "", "action_flag": 3, "change_message": ""}}, {"model": "admin.logentry", "pk": 118, "fields": {"action_time": "2019-12-04T10:41:21.380Z", "user": 1, "content_type": 9, "object_id": "65", "object_repr": "", "action_flag": 3, "change_message": ""}}, {"model": "admin.logentry", "pk": 119, "fields": {"action_time": "2019-12-04T10:41:21.382Z", "user": 1, "content_type": 9, "object_id": "64", "object_repr": "", "action_flag": 3, "change_message": ""}}, {"model": "admin.logentry", "pk": 120, "fields": {"action_time": "2019-12-04T10:41:21.383Z", "user": 1, "content_type": 9, "object_id": "63", "object_repr": "", "action_flag": 3, "change_message": ""}}, {"model": "admin.logentry", "pk": 121, "fields": {"action_time": "2019-12-04T10:41:21.384Z", "user": 1, "content_type": 9, "object_id": "62", "object_repr": "", "action_flag": 3, "change_message": ""}}, {"model": "admin.logentry", "pk": 122, "fields": {"action_time": "2019-12-04T10:41:21.385Z", "user": 1, "content_type": 9, "object_id": "61", "object_repr": "", "action_flag": 3, "change_message": ""}}, {"model": "admin.logentry", "pk": 123, "fields": {"action_time": "2019-12-04T10:41:21.386Z", "user": 1, "content_type": 9, "object_id": "60", "object_repr": "", "action_flag": 3, "change_message": ""}}, {"model": "admin.logentry", "pk": 124, "fields": {"action_time": "2019-12-04T10:41:21.387Z", "user": 1, "content_type": 9, "object_id": "59", "object_repr": "", "action_flag": 3, "change_message": ""}}, {"model": "admin.logentry", "pk": 125, "fields": {"action_time": "2019-12-04T10:41:21.388Z", "user": 1, "content_type": 9, "object_id": "58", "object_repr": "", "action_flag": 3, "change_message": ""}}, {"model": "admin.logentry", "pk": 126, "fields": {"action_time": "2019-12-04T10:41:21.390Z", "user": 1, "content_type": 9, "object_id": "57", "object_repr": "", "action_flag": 3, "change_message": ""}}, {"model": "admin.logentry", "pk": 127, "fields": {"action_time": "2019-12-04T10:41:21.391Z", "user": 1, "content_type": 9, "object_id": "56", "object_repr": "", "action_flag": 3, "change_message": ""}}, {"model": "admin.logentry", "pk": 128, "fields": {"action_time": "2019-12-04T10:41:21.392Z", "user": 1, "content_type": 9, "object_id": "55", "object_repr": "", "action_flag": 3, "change_message": ""}}, {"model": "admin.logentry", "pk": 129, "fields": {"action_time": "2019-12-04T10:41:21.394Z", "user": 1, "content_type": 9, "object_id": "54", "object_repr": "", "action_flag": 3, "change_message": ""}}, {"model": "admin.logentry", "pk": 130, "fields": {"action_time": "2019-12-04T10:41:21.396Z", "user": 1, "content_type": 9, "object_id": "53", "object_repr": "", "action_flag": 3, "change_message": ""}}, {"model": "admin.logentry", "pk": 131, "fields": {"action_time": "2019-12-04T10:41:21.397Z", "user": 1, "content_type": 9, "object_id": "52", "object_repr": "", "action_flag": 3, "change_message": ""}}, {"model": "admin.logentry", "pk": 132, "fields": {"action_time": "2019-12-04T10:41:21.399Z", "user": 1, "content_type": 9, "object_id": "51", "object_repr": "", "action_flag": 3, "change_message": ""}}, {"model": "admin.logentry", "pk": 133, "fields": {"action_time": "2019-12-04T10:41:21.400Z", "user": 1, "content_type": 9, "object_id": "50", "object_repr": "", "action_flag": 3, "change_message": ""}}, {"model": "admin.logentry", "pk": 134, "fields": {"action_time": "2019-12-04T10:41:21.402Z", "user": 1, "content_type": 9, "object_id": "49", "object_repr": "", "action_flag": 3, "change_message": ""}}, {"model": "admin.logentry", "pk": 135, "fields": {"action_time": "2019-12-04T13:42:39.290Z", "user": 1, "content_type": 10, "object_id": "15", "object_repr": "t.vaganov", "action_flag": 1, "change_message": "[{\"added\": {}}]"}}, {"model": "admin.logentry", "pk": 136, "fields": {"action_time": "2019-12-05T15:58:30.643Z", "user": 1, "content_type": 10, "object_id": "18", "object_repr": "xoydt-qmcbddrx1lkoqmpplyslg.png", "action_flag": 3, "change_message": ""}}, {"model": "admin.logentry", "pk": 137, "fields": {"action_time": "2019-12-05T15:58:30.664Z", "user": 1, "content_type": 10, "object_id": "17", "object_repr": "\u0421\u043d\u0438\u043c\u043e\u043a \u044d\u043a\u0440\u0430\u043d\u0430 2019-12-04 \u0432 21.25.21.png", "action_flag": 3, "change_message": ""}}, {"model": "admin.logentry", "pk": 138, "fields": {"action_time": "2019-12-05T15:58:41.315Z", "user": 1, "content_type": 9, "object_id": "72", "object_repr": "", "action_flag": 3, "change_message": ""}}, {"model": "admin.logentry", "pk": 139, "fields": {"action_time": "2019-12-05T15:58:41.319Z", "user": 1, "content_type": 9, "object_id": "71", "object_repr": "", "action_flag": 3, "change_message": ""}}, {"model": "admin.logentry", "pk": 140, "fields": {"action_time": "2019-12-08T10:05:04.748Z", "user": 1, "content_type": 8, "object_id": "21", "object_repr": "Group Chat", "action_flag": 1, "change_message": "[{\"added\": {}}]"}}, {"model": "admin.logentry", "pk": 141, "fields": {"action_time": "2019-12-08T10:05:28.381Z", "user": 1, "content_type": 7, "object_id": "32", "object_repr": "root in Group Chat", "action_flag": 1, "change_message": "[{\"added\": {}}]"}}, {"model": "admin.logentry", "pk": 142, "fields": {"action_time": "2019-12-08T10:05:57.298Z", "user": 1, "content_type": 9, "object_id": "75", "object_repr": "qweyuiKEK", "action_flag": 1, "change_message": "[{\"added\": {}}]"}}, {"model": "admin.logentry", "pk": 143, "fields": {"action_time": "2019-12-08T10:06:06.027Z", "user": 1, "content_type": 7, "object_id": "32", "object_repr": "root in Group Chat", "action_flag": 2, "change_message": "[{\"changed\": {\"fields\": [\"last_read_message\"]}}]"}}, {"model": "admin.logentry", "pk": 144, "fields": {"action_time": "2019-12-08T12:38:39.646Z", "user": 1, "content_type": 9, "object_id": "76", "object_repr": "qwerrttppppppp", "action_flag": 1, "change_message": "[{\"added\": {}}]"}}, {"model": "admin.logentry", "pk": 145, "fields": {"action_time": "2019-12-08T16:09:53.117Z", "user": 1, "content_type": 6, "object_id": "2", "object_repr": "vaganov", "action_flag": 2, "change_message": "[{\"changed\": {\"fields\": [\"username\"]}}]"}}, {"model": "admin.logentry", "pk": 146, "fields": {"action_time": "2019-12-08T16:11:10.140Z", "user": 1, "content_type": 7, "object_id": "33", "object_repr": "vaganov in Group Chat", "action_flag": 1, "change_message": "[{\"added\": {}}]"}}, {"model": "admin.logentry", "pk": 147, "fields": {"action_time": "2019-12-08T22:38:40.410Z", "user": 1, "content_type": 7, "object_id": "32", "object_repr": "root in Group Chat", "action_flag": 2, "change_message": "[{\"changed\": {\"fields\": [\"last_read_message\"]}}]"}}, {"model": "admin.logentry", "pk": 148, "fields": {"action_time": "2019-12-08T23:44:51.272Z", "user": 1, "content_type": 7, "object_id": "33", "object_repr": "vaganov in Group Chat", "action_flag": 2, "change_message": "[{\"changed\": {\"fields\": [\"last_read_message\"]}}]"}}, {"model": "admin.logentry", "pk": 149, "fields": {"action_time": "2019-12-08T23:45:52.673Z", "user": 1, "content_type": 7, "object_id": "32", "object_repr": "root in Group Chat", "action_flag": 2, "change_message": "[{\"changed\": {\"fields\": [\"last_read_message\"]}}]"}}, {"model": "admin.logentry", "pk": 150, "fields": {"action_time": "2019-12-08T23:47:05.961Z", "user": 1, "content_type": 9, "object_id": "137", "object_repr": "pidr", "action_flag": 3, "change_message": ""}}, {"model": "admin.logentry", "pk": 151, "fields": {"action_time": "2019-12-08T23:47:05.964Z", "user": 1, "content_type": 9, "object_id": "136", "object_repr": "pidr", "action_flag": 3, "change_message": ""}}, {"model": "admin.logentry", "pk": 152, "fields": {"action_time": "2019-12-08T23:47:05.966Z", "user": 1, "content_type": 9, "object_id": "135", "object_repr": "pidr", "action_flag": 3, "change_message": ""}}, {"model": "admin.logentry", "pk": 153, "fields": {"action_time": "2019-12-08T23:47:05.967Z", "user": 1, "content_type": 9, "object_id": "134", "object_repr": "pidr", "action_flag": 3, "change_message": ""}}, {"model": "admin.logentry", "pk": 154, "fields": {"action_time": "2019-12-08T23:47:05.968Z", "user": 1, "content_type": 9, "object_id": "133", "object_repr": "pidr", "action_flag": 3, "change_message": ""}}, {"model": "admin.logentry", "pk": 155, "fields": {"action_time": "2019-12-08T23:47:05.969Z", "user": 1, "content_type": 9, "object_id": "132", "object_repr": "pidr", "action_flag": 3, "change_message": ""}}, {"model": "admin.logentry", "pk": 156, "fields": {"action_time": "2019-12-08T23:47:05.970Z", "user": 1, "content_type": 9, "object_id": "131", "object_repr": "hh", "action_flag": 3, "change_message": ""}}, {"model": "admin.logentry", "pk": 157, "fields": {"action_time": "2019-12-08T23:47:05.971Z", "user": 1, "content_type": 9, "object_id": "130", "object_repr": "q", "action_flag": 3, "change_message": ""}}, {"model": "admin.logentry", "pk": 158, "fields": {"action_time": "2019-12-08T23:47:05.972Z", "user": 1, "content_type": 9, "object_id": "129", "object_repr": "wsaed", "action_flag": 3, "change_message": ""}}, {"model": "admin.logentry", "pk": 159, "fields": {"action_time": "2019-12-08T23:47:05.973Z", "user": 1, "content_type": 9, "object_id": "128", "object_repr": "qqwertyyyy", "action_flag": 3, "change_message": ""}}, {"model": "admin.logentry", "pk": 160, "fields": {"action_time": "2019-12-08T23:47:05.975Z", "user": 1, "content_type": 9, "object_id": "127", "object_repr": "yyyy", "action_flag": 3, "change_message": ""}}, {"model": "admin.logentry", "pk": 161, "fields": {"action_time": "2019-12-08T23:47:05.976Z", "user": 1, "content_type": 9, "object_id": "126", "object_repr": "ttyyuiii", "action_flag": 3, "change_message": ""}}, {"model": "admin.logentry", "pk": 162, "fields": {"action_time": "2019-12-08T23:47:05.977Z", "user": 1, "content_type": 9, "object_id": "125", "object_repr": "dddddd", "action_flag": 3, "change_message": ""}}, {"model": "admin.logentry", "pk": 163, "fields": {"action_time": "2019-12-08T23:47:05.979Z", "user": 1, "content_type": 9, "object_id": "124", "object_repr": "aaaaaaa", "action_flag": 3, "change_message": ""}}, {"model": "admin.logentry", "pk": 164, "fields": {"action_time": "2019-12-08T23:47:05.980Z", "user": 1, "content_type": 9, "object_id": "123", "object_repr": "kak dela?", "action_flag": 3, "change_message": ""}}, {"model": "admin.logentry", "pk": 165, "fields": {"action_time": "2019-12-08T23:47:05.981Z", "user": 1, "content_type": 9, "object_id": "122", "object_repr": "privet", "action_flag": 3, "change_message": ""}}, {"model": "admin.logentry", "pk": 166, "fields": {"action_time": "2019-12-08T23:47:05.982Z", "user": 1, "content_type": 9, "object_id": "121", "object_repr": "aaaa", "action_flag": 3, "change_message": ""}}, {"model": "admin.logentry", "pk": 167, "fields": {"action_time": "2019-12-08T23:47:05.983Z", "user": 1, "content_type": 9, "object_id": "120", "object_repr": "aaaaaaa", "action_flag": 3, "change_message": ""}}, {"model": "admin.logentry", "pk": 168, "fields": {"action_time": "2019-12-08T23:47:05.985Z", "user": 1, "content_type": 9, "object_id": "119", "object_repr": "ssss", "action_flag": 3, "change_message": ""}}, {"model": "admin.logentry", "pk": 169, "fields": {"action_time": "2019-12-08T23:47:05.985Z", "user": 1, "content_type": 9, "object_id": "118", "object_repr": "wwwwwwwww", "action_flag": 3, "change_message": ""}}, {"model": "admin.logentry", "pk": 170, "fields": {"action_time": "2019-12-08T23:47:05.986Z", "user": 1, "content_type": 9, "object_id": "117", "object_repr": "wwwwwwwww", "action_flag": 3, "change_message": ""}}, {"model": "admin.logentry", "pk": 171, "fields": {"action_time": "2019-12-08T23:47:05.987Z", "user": 1, "content_type": 9, "object_id": "116", "object_repr": "a", "action_flag": 3, "change_message": ""}}, {"model": "admin.logentry", "pk": 172, "fields": {"action_time": "2019-12-08T23:47:05.988Z", "user": 1, "content_type": 9, "object_id": "115", "object_repr": "a", "action_flag": 3, "change_message": ""}}, {"model": "admin.logentry", "pk": 173, "fields": {"action_time": "2019-12-08T23:47:05.990Z", "user": 1, "content_type": 9, "object_id": "114", "object_repr": "aa", "action_flag": 3, "change_message": ""}}, {"model": "admin.logentry", "pk": 174, "fields": {"action_time": "2019-12-08T23:47:05.991Z", "user": 1, "content_type": 9, "object_id": "113", "object_repr": "a", "action_flag": 3, "change_message": ""}}, {"model": "admin.logentry", "pk": 175, "fields": {"action_time": "2019-12-08T23:47:05.992Z", "user": 1, "content_type": 9, "object_id": "112", "object_repr": "a", "action_flag": 3, "change_message": ""}}, {"model": "admin.logentry", "pk": 176, "fields": {"action_time": "2019-12-08T23:47:05.993Z", "user": 1, "content_type": 9, "object_id": "111", "object_repr": "aaaa", "action_flag": 3, "change_message": ""}}, {"model": "admin.logentry", "pk": 177, "fields": {"action_time": "2019-12-08T23:47:05.995Z", "user": 1, "content_type": 9, "object_id": "110", "object_repr": "aaa", "action_flag": 3, "change_message": ""}}, {"model": "admin.logentry", "pk": 178, "fields": {"action_time": "2019-12-08T23:47:05.997Z", "user": 1, "content_type": 9, "object_id": "109", "object_repr": "a", "action_flag": 3, "change_message": ""}}, {"model": "admin.logentry", "pk": 179, "fields": {"action_time": "2019-12-08T23:47:05.998Z", "user": 1, "content_type": 9, "object_id": "108", "object_repr": "a", "action_flag": 3, "change_message": ""}}, {"model": "admin.logentry", "pk": 180, "fields": {"action_time": "2019-12-08T23:47:05.999Z", "user": 1, "content_type": 9, "object_id": "107", "object_repr": "aaaaaaaa", "action_flag": 3, "change_message": ""}}, {"model": "admin.logentry", "pk": 181, "fields": {"action_time": "2019-12-08T23:47:06.000Z", "user": 1, "content_type": 9, "object_id": "106", "object_repr": "aaaaaaa", "action_flag": 3, "change_message": ""}}, {"model": "admin.logentry", "pk": 182, "fields": {"action_time": "2019-12-08T23:47:06.001Z", "user": 1, "content_type": 9, "object_id": "105", "object_repr": "aaaaaa", "action_flag": 3, "change_message": ""}}, {"model": "admin.logentry", "pk": 183, "fields": {"action_time": "2019-12-08T23:47:06.002Z", "user": 1, "content_type": 9, "object_id": "104", "object_repr": "aaaaaaa", "action_flag": 3, "change_message": ""}}, {"model": "admin.logentry", "pk": 184, "fields": {"action_time": "2019-12-08T23:47:06.003Z", "user": 1, "content_type": 9, "object_id": "103", "object_repr": "dddddddddddd", "action_flag": 3, "change_message": ""}}, {"model": "admin.logentry", "pk": 185, "fields": {"action_time": "2019-12-08T23:47:06.004Z", "user": 1, "content_type": 9, "object_id": "102", "object_repr": "dddddddd", "action_flag": 3, "change_message": ""}}, {"model": "admin.logentry", "pk": 186, "fields": {"action_time": "2019-12-08T23:47:06.005Z", "user": 1, "content_type": 9, "object_id": "101", "object_repr": "dddddd", "action_flag": 3, "change_message": ""}}, {"model": "admin.logentry", "pk": 187, "fields": {"action_time": "2019-12-08T23:47:06.006Z", "user": 1, "content_type": 9, "object_id": "100", "object_repr": "ssssss", "action_flag": 3, "change_message": ""}}, {"model": "admin.logentry", "pk": 188, "fields": {"action_time": "2019-12-08T23:47:06.008Z", "user": 1, "content_type": 9, "object_id": "99", "object_repr": "ssss", "action_flag": 3, "change_message": ""}}, {"model": "admin.logentry", "pk": 189, "fields": {"action_time": "2019-12-08T23:47:06.009Z", "user": 1, "content_type": 9, "object_id": "98", "object_repr": "sss", "action_flag": 3, "change_message": ""}}, {"model": "admin.logentry", "pk": 190, "fields": {"action_time": "2019-12-08T23:47:06.010Z", "user": 1, "content_type": 9, "object_id": "97", "object_repr": "bbb", "action_flag": 3, "change_message": ""}}, {"model": "admin.logentry", "pk": 191, "fields": {"action_time": "2019-12-08T23:47:06.011Z", "user": 1, "content_type": 9, "object_id": "96", "object_repr": "ddddddd", "action_flag": 3, "change_message": ""}}, {"model": "admin.logentry", "pk": 192, "fields": {"action_time": "2019-12-08T23:47:06.013Z", "user": 1, "content_type": 9, "object_id": "95", "object_repr": "dddddddd", "action_flag": 3, "change_message": ""}}, {"model": "admin.logentry", "pk": 193, "fields": {"action_time": "2019-12-08T23:47:06.014Z", "user": 1, "content_type": 9, "object_id": "94", "object_repr": "dddddddd", "action_flag": 3, "change_message": ""}}, {"model": "admin.logentry", "pk": 194, "fields": {"action_time": "2019-12-08T23:47:06.015Z", "user": 1, "content_type": 9, "object_id": "93", "object_repr": "ddddddd", "action_flag": 3, "change_message": ""}}, {"model": "admin.logentry", "pk": 195, "fields": {"action_time": "2019-12-08T23:47:06.016Z", "user": 1, "content_type": 9, "object_id": "92", "object_repr": "ddddddd", "action_flag": 3, "change_message": ""}}, {"model": "admin.logentry", "pk": 196, "fields": {"action_time": "2019-12-08T23:47:06.017Z", "user": 1, "content_type": 9, "object_id": "91", "object_repr": "nnnnnnnnn", "action_flag": 3, "change_message": ""}}, {"model": "admin.logentry", "pk": 197, "fields": {"action_time": "2019-12-08T23:47:06.018Z", "user": 1, "content_type": 9, "object_id": "90", "object_repr": "aaaa", "action_flag": 3, "change_message": ""}}, {"model": "admin.logentry", "pk": 198, "fields": {"action_time": "2019-12-08T23:47:06.019Z", "user": 1, "content_type": 9, "object_id": "89", "object_repr": "ddddddd", "action_flag": 3, "change_message": ""}}, {"model": "admin.logentry", "pk": 199, "fields": {"action_time": "2019-12-08T23:47:06.020Z", "user": 1, "content_type": 9, "object_id": "88", "object_repr": "ddddddddd", "action_flag": 3, "change_message": ""}}, {"model": "admin.logentry", "pk": 200, "fields": {"action_time": "2019-12-08T23:47:06.022Z", "user": 1, "content_type": 9, "object_id": "87", "object_repr": "dddddddd", "action_flag": 3, "change_message": ""}}, {"model": "admin.logentry", "pk": 201, "fields": {"action_time": "2019-12-08T23:47:06.025Z", "user": 1, "content_type": 9, "object_id": "86", "object_repr": "dddddd", "action_flag": 3, "change_message": ""}}, {"model": "admin.logentry", "pk": 202, "fields": {"action_time": "2019-12-08T23:47:06.027Z", "user": 1, "content_type": 9, "object_id": "85", "object_repr": "ddddddddd", "action_flag": 3, "change_message": ""}}, {"model": "admin.logentry", "pk": 203, "fields": {"action_time": "2019-12-08T23:47:06.028Z", "user": 1, "content_type": 9, "object_id": "84", "object_repr": "ddddddddddddddddddddd", "action_flag": 3, "change_message": ""}}, {"model": "admin.logentry", "pk": 204, "fields": {"action_time": "2019-12-08T23:47:06.030Z", "user": 1, "content_type": 9, "object_id": "83", "object_repr": "ddddddd", "action_flag": 3, "change_message": ""}}, {"model": "admin.logentry", "pk": 205, "fields": {"action_time": "2019-12-08T23:47:06.031Z", "user": 1, "content_type": 9, "object_id": "82", "object_repr": "dddddd", "action_flag": 3, "change_message": ""}}, {"model": "admin.logentry", "pk": 206, "fields": {"action_time": "2019-12-08T23:47:06.032Z", "user": 1, "content_type": 9, "object_id": "81", "object_repr": "hhhhhhhhhhhhhhhhh", "action_flag": 3, "change_message": ""}}, {"model": "admin.logentry", "pk": 207, "fields": {"action_time": "2019-12-08T23:47:06.033Z", "user": 1, "content_type": 9, "object_id": "80", "object_repr": "ffffff", "action_flag": 3, "change_message": ""}}, {"model": "admin.logentry", "pk": 208, "fields": {"action_time": "2019-12-08T23:47:06.034Z", "user": 1, "content_type": 9, "object_id": "79", "object_repr": "dddddddddd", "action_flag": 3, "change_message": ""}}, {"model": "admin.logentry", "pk": 209, "fields": {"action_time": "2019-12-08T23:47:06.035Z", "user": 1, "content_type": 9, "object_id": "78", "object_repr": "fffffffff", "action_flag": 3, "change_message": ""}}, {"model": "admin.logentry", "pk": 210, "fields": {"action_time": "2019-12-08T23:47:06.036Z", "user": 1, "content_type": 9, "object_id": "77", "object_repr": "ssssssss", "action_flag": 3, "change_message": ""}}, {"model": "admin.logentry", "pk": 211, "fields": {"action_time": "2019-12-08T23:47:06.038Z", "user": 1, "content_type": 9, "object_id": "76", "object_repr": "qwerrttppppppp", "action_flag": 3, "change_message": ""}}, {"model": "admin.logentry", "pk": 212, "fields": {"action_time": "2019-12-09T16:42:42.527Z", "user": 1, "content_type": 9, "object_id": "179", "object_repr": "lip", "action_flag": 1, "change_message": "[{\"added\": {}}]"}}, {"model": "admin.logentry", "pk": 213, "fields": {"action_time": "2019-12-09T16:43:04.318Z", "user": 1, "content_type": 9, "object_id": "180", "object_repr": "dasll", "action_flag": 1, "change_message": "[{\"added\": {}}]"}}, {"model": "admin.logentry", "pk": 214, "fields": {"action_time": "2019-12-09T16:43:15.424Z", "user": 1, "content_type": 9, "object_id": "180", "object_repr": "dasll", "action_flag": 2, "change_message": "[{\"changed\": {\"fields\": [\"user\"]}}]"}}, {"model": "admin.logentry", "pk": 215, "fields": {"action_time": "2019-12-09T16:43:51.426Z", "user": 1, "content_type": 9, "object_id": "181", "object_repr": "lip2", "action_flag": 1, "change_message": "[{\"added\": {}}]"}}]